{
  "controller/files.controller.js.map": 1684932315684,
  "controller/Main.controller.js": 1684329215956,
  "model/models.js": 1681206593000,
  "model/formatter.js": 1683105634176,
  "controller/files.controller.js": 1684932294344,
  "controller/detail.controller.js": 1684329228524,
  "utils/locate-reuse-libs.js": 1681206593000,
  "controller/App.controller.js": 1682753872666,
  "manifest.json": 1684932315296,
  "Component.js": 1681206593000,
  "utils/locate-reuse-libs-dbg.js": 1681206593000,
  "utils/locate-reuse-libs.js.map": 1684932315689,
  "model/models-dbg.js": 1681206593000,
  "model/models.js.map": 1684932315584,
  "model/formatter-dbg.js": 1683105634176,
  "model/formatter.js.map": 1684932315585,
  "controller/files-dbg.controller.js": 1684932294344,
  "i18n/i18n.properties": 1681223437000,
  "controller/detail-dbg.controller.js": 1684329228524,
  "controller/detail.controller.js.map": 1684932315688,
  "controller/Main-dbg.controller.js": 1684329215956,
  "controller/Main.controller.js.map": 1684932315665,
  "controller/App-dbg.controller.js": 1682753872666,
  "controller/App.controller.js.map": 1684932315669,
  "Component-dbg.js": 1681206593000,
  "Component.js.map": 1684932315673,
  "Component-preload.js": 1684932316091,
  "Component-preload.js.map": 1684932316091,
  "view/files.view.xml": 1684329474516,
  "view/detail.view.xml": 1684305571270,
  "view/Main.view.xml": 1684326872683,
  "view/Folder.fragment.xml": 1682664201649,
  "view/Document.fragment.xml": 1682668386003,
  "view/Create.fragment.xml": 1682498644000,
  "view/App.view.xml": 1681385104000,
  "css/style.css": 1682667215461,
  "index.html": 1681206593000
}